<?xml version = "1.0" encoding = "UTF-8"?>
<configuration>
 
    <appender name="console" class="ch.qos.logback.core.ConsoleAppender">
        <target>System.out</target>
        <encoder>
            <pattern>%d{HH:mm:ss.SSS} [%thread] %-5level %logger{36} - %msg%n</pattern>
        </encoder>
    </appender>
  <!--   <root level="info">
        <appender-ref ref="console"/>
    </root>-->
     <root level="error">
        <appender-ref ref="console"/>
    </root>
 
</configuration>

